<?xml version="1.0" encoding="UTF-8"?>
<project-private xmlns="http://www.netbeans.org/ns/project-private/1">
    <editor-bookmarks xmlns="http://www.netbeans.org/ns/editor-bookmarks/2" lastBookmarkId="0"/>
    <open-files xmlns="http://www.netbeans.org/ns/projectui-open-files/2">
        <group>
            <file>file:/D:/teaching/semester%203/Algorithms%20and%20Advanced%20Programming/Assessment/taba/TABA2024/src/taba2024/ClientCode.java</file>
            <file>file:/D:/teaching/semester%203/Algorithms%20and%20Advanced%20Programming/Assessment/taba/TABA2024/src/taba2024/Taba2024.java</file>
        </group>
    </open-files>
</project-private>
